{
  "BackgroundImagePath": "D:\\SteamLibrary\\steamapps\\common\\Victoria 3\\game\\gfx\\coat_of_arms\\patterns\\pattern_per_bend_senester.dds",
  "Images": [
    {
      "Path": "D:\\SteamLibrary\\steamapps\\common\\Victoria 3\\game\\gfx\\coat_of_arms\\colored_emblems\\ce_kanaga.dds",
      "X": 384,
      "Y": 256,
      "ScaleX": 0.7472037180480249,
      "ScaleY": 0.7472708494706944,
      "Rotation": 0,
      "Color1": {
        "ColorContext": null,
        "A": 255,
        "R": 0,
        "G": 0,
        "B": 0,
        "ScA": 1,
        "ScR": 0,
        "ScG": 0,
        "ScB": 0
      },
      "Color2": {
        "ColorContext": null,
        "A": 255,
        "R": 0,
        "G": 255,
        "B": 128,
        "ScA": 1,
        "ScR": 0,
        "ScG": 1,
        "ScB": 0.21586053
      },
      "Color3": {
        "ColorContext": null,
        "A": 255,
        "R": 255,
        "G": 0,
        "B": 128,
        "ScA": 1,
        "ScR": 1,
        "ScG": 0,
        "ScB": 0.21586053
      },
      "IsEmblem": true
    }
  ],
  "BackgroundColor1": {
    "ColorContext": null,
    "A": 255,
    "R": 218,
    "G": 165,
    "B": 32,
    "ScA": 1,
    "ScR": 0.7011019,
    "ScG": 0.37626216,
    "ScB": 0.014443845
  },
  "BackgroundColor2": {
    "ColorContext": null,
    "A": 255,
    "R": 240,
    "G": 230,
    "B": 140,
    "ScA": 1,
    "ScR": 0.8713671,
    "ScG": 0.791298,
    "ScB": 0.2622507
  },
  "BackgroundColor3": {
    "ColorContext": null,
    "A": 255,
    "R": 255,
    "G": 255,
    "B": 255,
    "ScA": 1,
    "ScR": 1,
    "ScG": 1,
    "ScB": 1
  },
  "CountryTag": "SAHA",
  "CountryName": "SAHA"
}